vendor_app_id,app_id,vendor_category_id,category_id,parent_id
_10minutemail,_10minutemail,messaging,messaging,
_126_mail,_126_mail,messaging,messaging,
_163_analytics,_163_analytics,advertising,other,
_163_mail,_163_mail,messaging,messaging,
_17,_17,social,social_networking,
_1kxun,_1kxun,video,entertainment,
_1und1,_1und1,cloud,other,
_1und1_mail,_1und1_mail,messaging,messaging,
_2048,_2048,gaming,gaming,
_20minutes,_20minutes,news,news,
_2gis,_2gis,navigation,other,
_2go,_2go,social,social_networking,
_2k,_2k,gaming,gaming,
_2shared,_2shared,file_transfer,productivity,
_33across,_33across,advertising,other,
_365scores,_365scores,news,news,
_4chan,_4chan,social,social_networking,
_4shared,_4shared,file_transfer,productivity,
_5channel,_5channel,social,social_networking,
_5pmweb,_5pmweb,productivity,productivity,
_8fit,_8fit,health,health_&_fitness,
_8tracks,_8tracks,audio,entertainment,
_9gag,_9gag,social,social_networking,
_9ku,_9ku,audio,entertainment,
_9p,_9p,networking,other,
aax,aax,advertising,other,
abc,abc,video,entertainment,
abcmouse,abcmouse,education,education,
abc_pirat,abc_pirat,education,education,
abcya,abcya,education,education,
abs_cbn,abs_cbn,news,news,
abs_cbn_news,abs_cbn_news,news,news,
abto_voip,abto_voip,messaging,messaging,
acap,acap,networking,other,
accuweather,accuweather,news,news,
acestream,acestream,video,entertainment,
acorn_tv,acorn_tv,video,entertainment,
ac_rebellion,ac_rebellion,gaming,gaming,
acrobat,acrobat,business,productivity,
act,act,business,productivity,
activecampaign,activecampaign,business,productivity,
active_directory,active_directory,networking,other,
activesync,activesync,autonomous,other,
activision,activision,gaming,gaming,
adbrain,adbrain,advertising,other,
adcolony,adcolony,advertising,other,
addicting_games,addicting_games,gaming,gaming,
addictive_mobility,addictive_mobility,advertising,other,
addthis,addthis,advertising,other,
adform,adform,advertising,other,
adgear,adgear,advertising,other,
adgoji,adgoji,advertising,other,
adjust,adjust,advertising,other,
adobe,adobe,business,productivity,
adobe_ads,adobe_ads,advertising,other,
adobe_connect,adobe_connect,business,productivity,
adp,adp,business,productivity,
adventure_academy,adventure_academy,education,education,
adyoulike,adyoulike,advertising,other,
aeria_games,aeria_games,gaming,gaming,
aeroadmin,aeroadmin,remoting,vpn,
affise,affise,advertising,other,
afp,afp,file_transfer,productivity,
afreecatv,afreecatv,video,entertainment,
after_school,after_school,social,social_networking,
agentx,agentx,networking,other,
age_of_warring_empire,age_of_warring_empire,gaming,gaming,
agora,agora,messaging,messaging,
aim,aim,messaging,messaging,
airbnb,airbnb,shopping,entertainment,
airdroid,airdroid,remoting,vpn,
airtime,airtime,social,social_networking,
airwatch,airwatch,productivity,productivity,
ajillion,ajillion,advertising,other,
ajp,ajp,networking,other,
akamai,akamai,cloud,other,
akamai_media_analytics,akamai_media_analytics,advertising,other,
akamai_mpulse,akamai_mpulse,advertising,other,
albiononline,albiononline,gaming,gaming,
alexa4business,alexa4business,business,productivity,
alexa_voice_service,alexa_voice_service,audio,entertainment,
alibaba,alibaba,shopping,entertainment,
alibaba_cloud,alibaba_cloud,cloud,other,
alicall,alicall,messaging,messaging,
aliexpress,aliexpress,shopping,entertainment,
alipay,alipay,shopping,entertainment,
alison,alison,education,education,
aliwangwang,aliwangwang,messaging,messaging,
alltrails,alltrails,navigation,other,
alot_com,alot_com,news,news,
alpemix,alpemix,remoting,vpn,
amaze_vpn,amaze_vpn,remoting,vpn,
amazon,amazon,shopping,entertainment,
amazon_ads,amazon_ads,advertising,other,
amazon_alexa,amazon_alexa,audio,entertainment,
amazon_api_gateway,amazon_api_gateway,cloud,other,
amazon_app_stream2,amazon_app_stream2,remoting,vpn,
amazon_athena,amazon_athena,database,other,
amazon_blockchain,amazon_blockchain,database,other,
amazon_chime,amazon_chime,messaging,messaging,
amazon_cloud_dir,amazon_cloud_dir,database,other,
amazon_cloudfront,amazon_cloudfront,cloud,other,
amazon_cloudsearch,amazon_cloudsearch,cloud,other,
amazon_cloudwatch,amazon_cloudwatch,remoting,vpn,
amazon_cognito,amazon_cognito,cloud,other,
amazon_comprehend,amazon_comprehend,database,other,
amazon_comprehend_med,amazon_comprehend_med,database,other,
amazon_connect,amazon_connect,business,productivity,
amazon_device_metrics,amazon_device_metrics,device,other,
amazon_dlm,amazon_dlm,remoting,vpn,
amazon_drive,amazon_drive,file_transfer,productivity,
amazon_dynamodb,amazon_dynamodb,database,other,
amazon_ec2,amazon_ec2,remoting,vpn,
amazon_ecr,amazon_ecr,networking,other,
amazon_ecs,amazon_ecs,cloud,other,
amazon_eks,amazon_eks,remoting,vpn,
amazon_elasticache,amazon_elasticache,database,other,
amazon_elastic_fs,amazon_elastic_fs,file_transfer,productivity,
amazon_elastic_lb,amazon_elastic_lb,networking,other,
amazon_elasticsearch,amazon_elasticsearch,database,other,
amazon_elastic_tc,amazon_elastic_tc,cloud,other,
amazon_emr,amazon_emr,database,other,
amazon_eventbridge,amazon_eventbridge,messaging,messaging,
amazon_forecast,amazon_forecast,database,other,
amazon_fsx,amazon_fsx,file_transfer,productivity,
amazon_gamelift,amazon_gamelift,gaming,gaming,
amazon_glacier,amazon_glacier,database,other,
amazon_guardduty,amazon_guardduty,networking,other,
amazon_inspector,amazon_inspector,networking,other,
amazon_kinesis_analytics,amazon_kinesis_analytics,database,other,
amazon_kinesis_data,amazon_kinesis_data,database,other,
amazon_kinesis_firehose,amazon_kinesis_firehose,database,other,
amazon_kinesis_video,amazon_kinesis_video,video,entertainment,
amazon_lex,amazon_lex,cloud,other,
amazon_lightsail,amazon_lightsail,cloud,other,
amazon_macie,amazon_macie,cloud,other,
amazon_ml,amazon_ml,cloud,other,
amazon_mq,amazon_mq,messaging,messaging,
amazon_msk,amazon_msk,database,other,
amazon_mturk,amazon_mturk,cloud,other,
amazon_music,amazon_music,audio,entertainment,
amazon_personalize,amazon_personalize,cloud,other,
amazon_pinpoint,amazon_pinpoint,messaging,messaging,
amazon_pinpoint_analytics,amazon_pinpoint_analytics,advertising,other,
amazon_polly,amazon_polly,audio,entertainment,
amazon_prime_video,amazon_prime_video,video,entertainment,
amazon_qldb,amazon_qldb,database,other,
amazon_quicksight,amazon_quicksight,cloud,other,
amazon_rds,amazon_rds,database,other,
amazon_redshift,amazon_redshift,database,other,
amazon_rekognition,amazon_rekognition,video,entertainment,
amazon_route53,amazon_route53,networking,other,
amazon_s3,amazon_s3,database,other,
amazon_sagemaker,amazon_sagemaker,database,other,
amazon_ses,amazon_ses,messaging,messaging,
amazon_simpledb,amazon_simpledb,database,other,
amazon_sns,amazon_sns,messaging,messaging,
amazon_spectrum,amazon_spectrum,database,other,
amazon_sqs,amazon_sqs,messaging,messaging,
amazon_swf,amazon_swf,cloud,other,
amazon_textract,amazon_textract,cloud,other,
amazon_transcribe,amazon_transcribe,audio,entertainment,
amazon_translate,amazon_translate,messaging,messaging,
amazon_workdocs,amazon_workdocs,productivity,productivity,
amazon_worklink,amazon_worklink,remoting,vpn,
amazon_workmail,amazon_workmail,messaging,messaging,
amazon_workspaces,amazon_workspaces,remoting,vpn,
ammyy_admin,ammyy_admin,remoting,vpn,
amobee,amobee,advertising,other,
amplitude,amplitude,advertising,other,
amqp,amqp,database,other,
ancp,ancp,networking,other,
android_auto,android_auto,remoting,vpn,
anghami,anghami,audio,entertainment,
animal_crossing,animal_crossing,gaming,gaming,
ankama,ankama,gaming,gaming,
anoncoin,anoncoin,file_transfer,productivity,
anonymizer,anonymizer,remoting,vpn,
anonymox,anonymox,remoting,vpn,
anonytun,anonytun,remoting,vpn,
antichat,antichat,social,social_networking,
anton,anton,education,education,
anvilnext,anvilnext,gaming,gaming,
anydesk,anydesk,remoting,vpn,
anydo,anydo,productivity,productivity,
anygram,anygram,social,social_networking,
anymeeting,anymeeting,messaging,messaging,
anyplace_control,anyplace_control,remoting,vpn,
aodv,aodv,networking,other,
aol,aol,news,news,
aol_mail,aol_mail,messaging,messaging,
apalon_vpn,apalon_vpn,remoting,vpn,
apex_legends,apex_legends,gaming,gaming,
apns,apns,messaging,messaging,
apple,apple,other,other,
appledaily,appledaily,news,news,
applejuice,applejuice,p2p,peer-to-peer,
apple_maps,apple_maps,navigation,other,
apple_music,apple_music,audio,entertainment,
apple_news,apple_news,news,news,
apple_software_update,apple_software_update,updates,other,
apple_tv,apple_tv,video,entertainment,
applovin,applovin,advertising,other,
appnext,appnext,advertising,other,
appnexus,appnexus,advertising,other,
appodeal,appodeal,advertising,other,
appsflyer,appsflyer,advertising,other,
apptap,apptap,advertising,other,
apptentive,apptentive,advertising,other,
appvpn,appvpn,remoting,vpn,
aptoide,aptoide,shopping,entertainment,
arc_games,arc_games,gaming,gaming,
arcserve,arcserve,file_transfer,productivity,
arena_of_valor,arena_of_valor,gaming,gaming,
ares,ares,p2p,peer-to-peer,
arkvpn,arkvpn,remoting,vpn,
arlo,arlo,device,other,
arlo_av,arlo_av,device,other,arlo
arma3,arma3,gaming,gaming,
armagetron,armagetron,gaming,gaming,
armorgames,armorgames,gaming,gaming,
arms,arms,gaming,gaming,
army_men_strike,army_men_strike,gaming,gaming,
arrive,arrive,shopping,entertainment,
arrow,arrow,gaming,gaming,
asana,asana,productivity,productivity,
asigra,asigra,file_transfer,productivity,
ask_com,ask_com,news,news,
askfm,askfm,social,social_networking,
atlassian,atlassian,productivity,productivity,
atlassolutionsgroup,atlassolutionsgroup,advertising,other,
atom_vpn,atom_vpn,remoting,vpn,
audible,audible,audio,entertainment,
audiencescience,audiencescience,advertising,other,
august,august,remoting,vpn,
autodesk,autodesk,productivity,productivity,
auto_rp,auto_rp,networking,other,
avast,avast,security,other,
avg,avg,security,other,
avira,avira,security,other,
awa_fm,awa_fm,audio,entertainment,
aws,aws,cloud,other,
aws_app_discovery,aws_app_discovery,productivity,productivity,
aws_app_mesh,aws_app_mesh,remoting,vpn,
aws_app_sync,aws_app_sync,database,other,
aws_auto_scaling,aws_auto_scaling,cloud,other,
aws_backup,aws_backup,file_transfer,productivity,
aws_batch,aws_batch,remoting,vpn,
aws_beanstalk,aws_beanstalk,remoting,vpn,
aws_billing,aws_billing,shopping,entertainment,
aws_cert_mgr,aws_cert_mgr,networking,other,
aws_cloud9,aws_cloud9,productivity,productivity,
aws_cloudformation,aws_cloudformation,cloud,other,
aws_cloudhsm,aws_cloudhsm,cloud,other,
aws_cloud_map,aws_cloud_map,remoting,vpn,
aws_cloudtrail,aws_cloudtrail,remoting,vpn,
aws_codebuild,aws_codebuild,productivity,productivity,
aws_codecommit,aws_codecommit,productivity,productivity,
aws_codedeploy,aws_codedeploy,productivity,productivity,
aws_codepipeline,aws_codepipeline,productivity,productivity,
aws_codestar,aws_codestar,productivity,productivity,
aws_config,aws_config,remoting,vpn,
aws_console,aws_console,cloud,other,
aws_datapipeline,aws_datapipeline,database,other,
aws_datasync,aws_datasync,file_transfer,productivity,
aws_data_xchng,aws_data_xchng,database,other,
aws_deeplens,aws_deeplens,productivity,productivity,
aws_devicefarm,aws_devicefarm,remoting,vpn,
aws_directconnect,aws_directconnect,remoting,vpn,
aws_directory_service,aws_directory_service,networking,other,
aws_dms,aws_dms,database,other,
aws_firewall_mgr,aws_firewall_mgr,remoting,vpn,
aws_global_accel,aws_global_accel,networking,other,
aws_glue,aws_glue,database,other,
aws_groundstation,aws_groundstation,remoting,vpn,
aws_health,aws_health,remoting,vpn,
aws_iam,aws_iam,remoting,vpn,
aws_iot_1click,aws_iot_1click,remoting,vpn,
aws_iot_analytics,aws_iot_analytics,database,other,
aws_iot_core,aws_iot_core,remoting,vpn,
aws_iot_events,aws_iot_events,database,other,
aws_iot_greengrass,aws_iot_greengrass,cloud,other,
aws_iot_things,aws_iot_things,productivity,productivity,
aws_key_mgt,aws_key_mgt,cloud,other,
aws_lake_formation,aws_lake_formation,database,other,
aws_lambda,aws_lambda,remoting,vpn,
aws_license_mgr,aws_license_mgr,cloud,other,
aws_marketplace,aws_marketplace,shopping,entertainment,
aws_mediaconnect,aws_mediaconnect,video,entertainment,
aws_mediaconvert,aws_mediaconvert,video,entertainment,
aws_mediapkg,aws_mediapkg,video,entertainment,
aws_mediastore,aws_mediastore,video,entertainment,
aws_mediatailor,aws_mediatailor,video,entertainment,
aws_migration_hub,aws_migration_hub,remoting,vpn,
aws_opsworks,aws_opsworks,remoting,vpn,
aws_organizations,aws_organizations,cloud,other,
aws_ram,aws_ram,cloud,other,
aws_resource_groups,aws_resource_groups,cloud,other,
aws_robomaker,aws_robomaker,productivity,productivity,
aws_secrets_mgr,aws_secrets_mgr,cloud,other,
aws_security_hub,aws_security_hub,cloud,other,
aws_serverless_repo,aws_serverless_repo,cloud,other,
aws_service_catalog,aws_service_catalog,cloud,other,
aws_service_quotas,aws_service_quotas,cloud,other,
aws_shield,aws_shield,networking,other,
aws_sms,aws_sms,cloud,other,
aws_snowball,aws_snowball,file_transfer,productivity,
aws_sso,aws_sso,cloud,other,
aws_step_fn,aws_step_fn,productivity,productivity,
aws_storage_gw,aws_storage_gw,file_transfer,productivity,
aws_sts,aws_sts,cloud,other,
aws_support,aws_support,cloud,other,
aws_systems_mgr,aws_systems_mgr,remoting,vpn,
aws_transfer,aws_transfer,file_transfer,productivity,
aws_waf,aws_waf,cloud,other,
aws_xray,aws_xray,cloud,other,
ayiya,ayiya,networking,other,
azar,azar,social,social_networking,
azuredesk,azuredesk,business,productivity,
babbel,babbel,education,education,
backblaze,backblaze,file_transfer,productivity,
bacnet,bacnet,networking,other,
badoo,badoo,social,social_networking,
baidu,baidu,other,other,
baidu_wangpan,baidu_wangpan,file_transfer,productivity,
ballz,ballz,gaming,gaming,
bamboohr,bamboohr,business,productivity,
band,band,social,social_networking,
bandai_namco,bandai_namco,gaming,gaming,
bandcamp,bandcamp,audio,entertainment,
barrons,barrons,news,news,
basecamp,basecamp,collaboration,productivity,
battle_bay,battle_bay,gaming,gaming,
battlefield,battlefield,gaming,gaming,
battlenet,battlenet,gaming,gaming,
battle_warship,battle_warship,gaming,gaming,
battleye,battleye,gaming,gaming,
bazaar,bazaar,productivity,productivity,
bazaarvoice,bazaarvoice,advertising,other,
bbc_iplayer,bbc_iplayer,video,entertainment,
bbcnews,bbcnews,news,news,
bbgame,bbgame,gaming,gaming,
bbm,bbm,messaging,messaging,
bbm_call,bbm_call,messaging,messaging,bbm
beachbody,beachbody,health,health_&_fitness,
beamyourscreen,beamyourscreen,remoting,vpn,
bebo,bebo,social,social_networking,
beeswax,beeswax,advertising,other,
beetalk,beetalk,messaging,messaging,
behance,behance,social,social_networking,
belkin,belkin,device,other,
bellmedia,bellmedia,video,entertainment,
bestline_vpn,bestline_vpn,remoting,vpn,
best_nine,best_nine,social,social_networking,
bethesda,bethesda,gaming,gaming,
betternet,betternet,remoting,vpn,
bfcp,bfcp,messaging,messaging,
bfd,bfd,networking,other,
bgmp,bgmp,networking,other,
bgp,bgp,networking,other,
bhvr,bhvr,gaming,gaming,
big_fish_casino,big_fish_casino,gaming,gaming,
big_fish_games,big_fish_games,gaming,gaming,
bigolive,bigolive,social,social_networking,
bilibili,bilibili,video,entertainment,
bing,bing,other,other,
bingo_blitz,bingo_blitz,gaming,gaming,
bip_messenger,bip_messenger,messaging,messaging,
bip_messenger_call,bip_messenger_call,messaging,messaging,bip_messenger
bitcoin,bitcoin,file_transfer,productivity,
bitcomet,bitcomet,p2p,peer-to-peer,
bitdefender,bitdefender,security,other,
bitlord,bitlord,p2p,peer-to-peer,
bitmango,bitmango,gaming,gaming,
bitmessage,bitmessage,messaging,messaging,
bitmoji,bitmoji,social,social_networking,
bitport_io,bitport_io,p2p,peer-to-peer,
bittornado,bittornado,p2p,peer-to-peer,
bittorrent,bittorrent,p2p,peer-to-peer,
blackberry_uem,blackberry_uem,productivity,productivity,
blackboard,blackboard,education,education,
black_desert_online,black_desert_online,gaming,gaming,
blackplanet,blackplanet,social,social_networking,
blindsidenetworks,blindsidenetworks,education,education,
blink,blink,device,other,
blinksale,blinksale,business,productivity,
blizzard,blizzard,gaming,gaming,
blizzard_downloader,blizzard_downloader,gaming,gaming,
block,block,gaming,gaming,
block_hexa_puzzle,block_hexa_puzzle,gaming,gaming,
blogilates,blogilates,health,health_&_fitness,
blogspot,blogspot,business,productivity,
blogtalkradio,blogtalkradio,audio,entertainment,
bloomberg,bloomberg,news,news,
blued,blued,social,social_networking,
bluejeans,bluejeans,messaging,messaging,
bluekai,bluekai,advertising,other,
bmp,bmp,networking,other,
bondisk,bondisk,file_transfer,productivity,
booking_com,booking_com,shopping,entertainment,
boombeach,boombeach,gaming,gaming,
bootstrapcdn,bootstrapcdn,cloud,other,
botim,botim,messaging,messaging,
bouncex,bouncex,advertising,other,
bowmasters,bowmasters,gaming,gaming,
box,box,file_transfer,productivity,
brainpop,brainpop,education,education,
branch_io,branch_io,advertising,other,
brawlhalla,brawlhalla,gaming,gaming,
brawl_stars,brawl_stars,gaming,gaming,
brightcove,brightcove,file_transfer,productivity,
brightpearl,brightpearl,business,productivity,
brightroll,brightroll,advertising,other,
britbox,britbox,video,entertainment,
britishcouncil,britishcouncil,education,education,
browsecvpn,browsecvpn,remoting,vpn,
bubbly,bubbly,social,social_networking,
bugsnag,bugsnag,other,other,
bugzilla,bugzilla,productivity,productivity,
bumble,bumble,social,social_networking,
buncee,buncee,education,education,
bunny_pop,bunny_pop,gaming,gaming,
buzzfeed,buzzfeed,news,news,
byjus,byjus,education,education,
bypassthat,bypassthat,remoting,vpn,
bytedance,bytedance,cloud,other,
cacaoweb,cacaoweb,p2p,peer-to-peer,
cactusvpn,cactusvpn,remoting,vpn,
cadence_of_hyrule,cadence_of_hyrule,gaming,gaming,
caesars_casino,caesars_casino,gaming,gaming,
caicci,caicci,networking,other,
call_of_duty,call_of_duty,gaming,gaming,
callstats,callstats,other,other,
calm,calm,health,health_&_fitness,
camfrog,camfrog,social,social_networking,
candycrush,candycrush,gaming,gaming,
canon,canon,networking,other,
canvas,canvas,education,education,
capstone_interactive,capstone_interactive,education,education,
capwap,capwap,networking,other,
carbonite,carbonite,file_transfer,productivity,
cash_app,cash_app,shopping,entertainment,
cash_frenzy,cash_frenzy,gaming,gaming,
castanet,castanet,news,news,
catdaddy,catdaddy,gaming,gaming,
cbcgem,cbcgem,video,entertainment,
cbs,cbs,video,entertainment,
cbs_all_access,cbs_all_access,video,entertainment,
cbs_news,cbs_news,news,news,
cbs_sports,cbs_sports,news,news,
ccproxy,ccproxy,remoting,vpn,
cedato,cedato,advertising,other,
cedexis,cedexis,advertising,other,
celebrity_voice_changer,celebrity_voice_changer,audio,entertainment,
celtra,celtra,advertising,other,
centro,centro,advertising,other,
century_tech,century_tech,education,education,
cfdp,cfdp,file_transfer,productivity,
chacha,chacha,social,social_networking,
chapters,chapters,gaming,gaming,
chartbeat,chartbeat,advertising,other,
chartboost,chartboost,advertising,other,
chatango,chatango,messaging,messaging,
cheddar,cheddar,video,entertainment,
cheetah_mobile,cheetah_mobile,other,other,
chegg,chegg,education,education,
choices,choices,gaming,gaming,
chrome_remote_desktop,chrome_remote_desktop,remoting,vpn,
cigi,cigi,networking,other,
cisco_ip_sla,cisco_ip_sla,networking,other,
cisco_spark,cisco_spark,productivity,productivity,
citrix,citrix,remoting,vpn,
clash_of_clans,clash_of_clans,gaming,gaming,
clash_of_king,clash_of_king,gaming,gaming,
clash_royale,clash_royale,gaming,gaming,
classdojo,classdojo,education,education,
classmates,classmates,social,social_networking,
classting,classting,education,education,
clearslide,clearslide,business,productivity,
clickmeeting,clickmeeting,messaging,messaging,
clicktale,clicktale,advertising,other,
cloudads,cloudads,advertising,other,
cloudapp,cloudapp,file_transfer,productivity,
cloudflare,cloudflare,cloud,other,
cloudvpn,cloudvpn,remoting,vpn,
cloudwall_vpn,cloudwall_vpn,remoting,vpn,
clubbox,clubbox,file_transfer,productivity,
club_cooee,club_cooee,social,social_networking,
clubpenguin,clubpenguin,gaming,gaming,
cluep,cluep,advertising,other,
c_me,c_me,messaging,messaging,
cmp,cmp,networking,other,
cnbc,cnbc,news,news,
cnet,cnet,news,news,
cnn,cnn,news,news,
coap,coap,networking,other,
coco,coco,messaging,messaging,
code42,code42,file_transfer,productivity,
code_org,code_org,education,education,
codeweek,codeweek,education,education,
coffee_meets_bagel,coffee_meets_bagel,social,social_networking,
coin_master,coin_master,gaming,gaming,
com2us,com2us,gaming,gaming,
comixology,comixology,other,other,
commonsensemedia,commonsensemedia,education,education,
comodo,comodo,remoting,vpn,
company_of_heroes,company_of_heroes,gaming,gaming,
concur,concur,business,productivity,
confluence,confluence,collaboration,productivity,
connections_cloud,connections_cloud,productivity,productivity,
connections_mc,connections_mc,messaging,messaging,
connectivity_check,connectivity_check,networking,other,
connectwise,connectwise,business,productivity,
connexity,connexity,advertising,other,
contobox,contobox,advertising,other,
conversant,conversant,advertising,other,
cops,cops,networking,other,
cornerstone_ondemand,cornerstone_ondemand,education,education,
costco,costco,shopping,entertainment,
counter_strike_go,counter_strike_go,gaming,gaming,
coursehero,coursehero,education,education,
coursera,coursera,video,entertainment,
cowvpn,cowvpn,remoting,vpn,
cpha,cpha,networking,other,
crackle,crackle,video,entertainment,
craigslist,craigslist,shopping,entertainment,
crashlytics,crashlytics,advertising,other,
crashplan,crashplan,file_transfer,productivity,
cravetv,cravetv,video,entertainment,
crazyremote,crazyremote,remoting,vpn,
creative_cloud,creative_cloud,video,entertainment,
credit_karma,credit_karma,other,other,
crisp_advertising,crisp_advertising,advertising,other,
criteo,criteo,advertising,other,
crossinstall,crossinstall,advertising,other,
crowmobi,crowmobi,advertising,other,
crunchyroll,crunchyroll,video,entertainment,
cryptoheaven,cryptoheaven,messaging,messaging,
csr_racing2,csr_racing2,gaming,gaming,
ctdb,ctdb,database,other,
cubrid,cubrid,database,other,
cuebiq,cuebiq,advertising,other,
cups,cups,networking,other,
curiositystream,curiositystream,video,entertainment,
cyberghost,cyberghost,remoting,vpn,
cyberlink,cyberlink,other,other,
cyberlink_call,cyberlink_call,messaging,messaging,cyberlink
cyptic_studios,cyptic_studios,gaming,gaming,
dacor_iq,dacor_iq,device,other,
dailyinnovation,dailyinnovation,gaming,gaming,
dailymotion,dailymotion,video,entertainment,
dameware,dameware,remoting,vpn,
dash_vpn,dash_vpn,remoting,vpn,
dataxu,dataxu,advertising,other,
daum,daum,other,other,
daum_mail,daum_mail,messaging,messaging,
dauntless,dauntless,gaming,gaming,
dayz,dayz,gaming,gaming,
dazn,dazn,video,entertainment,
db_legends,db_legends,gaming,gaming,
dddp,dddp,networking,other,
dead_by_daylight,dead_by_daylight,gaming,gaming,
dealsea,dealsea,shopping,entertainment,
deezer,deezer,audio,entertainment,
deluge,deluge,p2p,peer-to-peer,
demonware,demonware,gaming,gaming,
design_home,design_home,gaming,gaming,
destiny_2,destiny_2,gaming,gaming,
deviantart,deviantart,photo,photo,
dhcp,dhcp,networking,other,
dhcpv6,dhcpv6,networking,other,
dh_games,dh_games,gaming,gaming,
diablo3,diablo3,gaming,gaming,
diamantedesk,diamantedesk,business,productivity,
diameter,diameter,networking,other,
diandianchong,diandianchong,messaging,messaging,
diandianchong_call,diandianchong_call,messaging,messaging,diandianchong
dicom,dicom,file_transfer,productivity,
digicert,digicert,advertising,other,
dingtalk,dingtalk,messaging,messaging,
dingtalk_call,dingtalk_call,messaging,messaging,dingtalk
directv_now,directv_now,video,entertainment,
discord,discord,messaging,messaging,
discovery_education,discovery_education,education,education,
dishanywhere,dishanywhere,video,entertainment,
disney,disney,other,other,
disney_game,disney_game,gaming,gaming,
disney_plus,disney_plus,video,entertainment,
dispersy,dispersy,database,other,
disqus,disqus,business,productivity,
distcc,distcc,remoting,vpn,
distractify,distractify,news,news,
district_m,district_m,advertising,other,
dixa,dixa,business,productivity,
dlive,dlive,video,entertainment,
dmp,dmp,networking,other,
dnp3,dnp3,networking,other,
dns,dns,networking,other,
dnscrypt,dnscrypt,networking,other,
docker,docker,other,other,
docusign,docusign,business,productivity,
dofus,dofus,gaming,gaming,
dogecoin,dogecoin,file_transfer,productivity,
doh,doh,networking,other,
doodle,doodle,business,productivity,
doordash,doordash,shopping,entertainment,
dot,dot,gaming,gaming,
dota_2,dota_2,gaming,gaming,
dotdash,dotdash,news,news,
dotvpn,dotvpn,remoting,vpn,
douban,douban,social,social_networking,
doubleclick,doubleclick,advertising,other,
doubleverify,doubleverify,advertising,other,
douquzhibo,douquzhibo,social,social_networking,
douyu_tv,douyu_tv,social,social_networking,
down_dating,down_dating,social,social_networking,
dragalia_lost,dragalia_lost,gaming,gaming,
dragon_ball_z,dragon_ball_z,gaming,gaming,
dragon_city,dragon_city,gaming,gaming,
dragon_quest_builders,dragon_quest_builders,gaming,gaming,
dragon_quest_builders_2,dragon_quest_builders_2,gaming,gaming,
drawbridge,drawbridge,advertising,other,
draw_it,draw_it,gaming,gaming,
draw_line,draw_line,gaming,gaming,
drda,drda,database,other,
dreambox,dreambox,education,education,
dreame,dreame,other,other,
droidvpn,droidvpn,remoting,vpn,
dropbox,dropbox,file_transfer,productivity,
dropsend,dropsend,file_transfer,productivity,
drum_pad_machine,drum_pad_machine,audio,entertainment,
dstillery,dstillery,advertising,other,
dtcp,dtcp,networking,other,
dtls,dtls,networking,other,
duckduckgo,duckduckgo,other,other,
duo,duo,messaging,messaging,
duolingo,duolingo,education,education,
earthcam,earthcam,video,entertainment,
easyanticheat,easyanticheat,gaming,gaming,
easychat,easychat,messaging,messaging,
easyprojects,easyprojects,productivity,productivity,
ebaumsworld,ebaumsworld,other,other,
ebay,ebay,shopping,entertainment,
ebuddy,ebuddy,messaging,messaging,
echelonfit,echelonfit,health,health_&_fitness,
ecobee,ecobee,remoting,vpn,
economist,economist,news,news,
edmodo,edmodo,education,education,
edonkey,edonkey,p2p,peer-to-peer,
edpuzzle,edpuzzle,education,education,
edraak,edraak,education,education,
educaixa,educaixa,education,education,
educationgalaxy,educationgalaxy,education,education,
edx,edx,education,education,
egd,egd,networking,other,
egnyte,egnyte,file_transfer,productivity,
eharmony,eharmony,social,social_networking,
ehow,ehow,education,education,
ekstep,ekstep,education,education,
elastic,elastic,database,other,
electronic_arts,electronic_arts,gaming,gaming,
elex_wireless,elex_wireless,gaming,gaming,
embedly,embedly,advertising,other,
emc_networker,emc_networker,file_transfer,productivity,
empires,empires,gaming,gaming,
eneza_education,eneza_education,education,education,
engadget,engadget,news,news,
enip,enip,networking,other,
entrust,entrust,advertising,other,
eontv,eontv,video,entertainment,
epic,epic,education,education,
epicgames,epicgames,gaming,gaming,
epic_seven,epic_seven,gaming,gaming,
episode,episode,gaming,gaming,
epmd,epmd,networking,other,
eset,eset,security,other,
esio,esio,networking,other,
eskimi,eskimi,social,social_networking,
espn,espn,news,news,
essaybot,essaybot,productivity,productivity,
etos,etos,shopping,entertainment,
europeanschoolnetacademy,europeanschoolnetacademy,education,education,
evernote,evernote,productivity,productivity,
evidon,evidon,advertising,other,
evil_factory,evil_factory,gaming,gaming,
evony,evony,gaming,gaming,
exit_games,exit_games,gaming,gaming,
expedat,expedat,file_transfer,productivity,
express_vpn,express_vpn,remoting,vpn,
eyereturnmarketing,eyereturnmarketing,advertising,other,
eyeview,eyeview,advertising,other,
eztalks,eztalks,messaging,messaging,
faceapp,faceapp,photo,photo,
facebook,facebook,social,social_networking,
facebook_watch,facebook_watch,video,entertainment,facebook
facetime,facetime,messaging,messaging,
fam,fam,messaging,messaging,
faminta,faminta,social,social_networking,
fandango,fandango,video,entertainment,
fandom,fandom,news,news,
farmville,farmville,gaming,gaming,
fastly,fastly,cloud,other,
fastmail,fastmail,messaging,messaging,
fast_secure_vpn,fast_secure_vpn,remoting,vpn,
fastviewer,fastviewer,messaging,messaging,
fate_go,fate_go,gaming,gaming,
fc2,fc2,cloud,other,
fcgi,fcgi,networking,other,
fcip,fcip,file_transfer,productivity,
feathercoin,feathercoin,file_transfer,productivity,
fetchrewards,fetchrewards,shopping,entertainment,
fiesta,fiesta,social,social_networking,
filefactory,filefactory,file_transfer,productivity,
fileguri,fileguri,file_transfer,productivity,
filemail,filemail,file_transfer,productivity,
file_post,file_post,file_transfer,productivity,
filesovermiles,filesovermiles,file_transfer,productivity,
filestream,filestream,p2p,peer-to-peer,
filetopia,filetopia,p2p,peer-to-peer,
filterbypass,filterbypass,remoting,vpn,
final_fantasy_be,final_fantasy_be,gaming,gaming,
final_fantasy_xv,final_fantasy_xv,gaming,gaming,
finchvpn,finchvpn,remoting,vpn,
fins,fins,networking,other,
firebase,firebase,cloud,other,
firechat,firechat,messaging,messaging,
fire_emblem_heroes,fire_emblem_heroes,gaming,gaming,
fire_emblem_three_houses,fire_emblem_three_houses,gaming,gaming,
fireflylearning,fireflylearning,education,education,
firefox_send,firefox_send,file_transfer,productivity,
fitbit,fitbit,device,other,
fitbit_coach,fitbit_coach,health,health_&_fitness,
fit_radio,fit_radio,health,health_&_fitness,
fix,fix,file_transfer,productivity,
fixmeit,fixmeit,remoting,vpn,
flashget,flashget,file_transfer,productivity,
flash_show,flash_show,video,entertainment,
flashtalking,flashtalking,advertising,other,
flickr,flickr,video,entertainment,
flipagram,flipagram,video,entertainment,
flipboard,flipboard,news,news,
flipgrid,flipgrid,education,education,
flipp,flipp,shopping,entertainment,
flixster,flixster,video,entertainment,
floor_is_lava,floor_is_lava,gaming,gaming,
florensia,florensia,gaming,gaming,
flowroute,flowroute,social,social_networking,
flurry,flurry,advertising,other,
flyproxy,flyproxy,remoting,vpn,
fongo,fongo,messaging,messaging,
fongo_call,fongo_call,messaging,messaging,fongo
forbes,forbes,news,news,
foursquare,foursquare,social,social_networking,
fox,fox,autonomous,other,
fox_com,fox_com,video,entertainment,
foxnews,foxnews,news,news,
foxnext,foxnext,gaming,gaming,
foxsports,foxsports,news,news,
freckle,freckle,education,education,
freecall,freecall,messaging,messaging,
freeconference,freeconference,messaging,messaging,
freedome_vpn,freedome_vpn,remoting,vpn,
free_fire,free_fire,gaming,gaming,
freepp,freepp,messaging,messaging,
freshdesk,freshdesk,business,productivity,
front,front,messaging,messaging,
frostbite,frostbite,gaming,gaming,
frostwire,frostwire,p2p,peer-to-peer,
frozenway,frozenway,remoting,vpn,
ftp,ftp,file_transfer,productivity,
ftp_data,ftp_data,file_transfer,productivity,
fubar,fubar,social,social_networking,
funcalls,funcalls,messaging,messaging,
funimation,funimation,video,entertainment,
funshion,funshion,video,entertainment,
futurelearn,futurelearn,education,education,
fyber,fyber,advertising,other,
gadu_gadu,gadu_gadu,messaging,messaging,
gaijin,gaijin,gaming,gaming,
gameanalytics,gameanalytics,advertising,other,
game_center,game_center,gaming,gaming,
gameforge,gameforge,gaming,gaming,
gamekit,gamekit,gaming,gaming,
gameloft,gameloft,gaming,gaming,
gameofsultans,gameofsultans,gaming,gaming,
game_of_war,game_of_war,gaming,gaming,
gamescom,gamescom,gaming,gaming,
gamigo,gamigo,gaming,gaming,
garena_plus,garena_plus,messaging,messaging,
gartner,gartner,news,news,
gatherplace,gatherplace,messaging,messaging,
gearbox_software,gearbox_software,gaming,gaming,
geforce,geforce,gaming,gaming,
geforce_now,geforce_now,gaming,gaming,
geni,geni,social,social_networking,
genie,genie,audio,entertainment,
getresponse,getresponse,business,productivity,
gfycat,gfycat,photo,photo,
gigatribe,gigatribe,p2p,peer-to-peer,
giop,giop,networking,other,
giphy,giphy,photo,photo,
gismeteo,gismeteo,news,news,
github,github,productivity,productivity,
glide,glide,messaging,messaging,
glispa,glispa,advertising,other,
glitch,glitch,productivity,productivity,
glu_mobile,glu_mobile,gaming,gaming,
gmail,gmail,messaging,messaging,
gmx_mail,gmx_mail,messaging,messaging,
gnunet,gnunet,p2p,peer-to-peer,
gnutella,gnutella,p2p,peer-to-peer,
go90,go90,video,entertainment,
golf_clash,golf_clash,gaming,gaming,
gom_player,gom_player,video,entertainment,
gom_remote,gom_remote,video,entertainment,
goodnight,goodnight,social,social_networking,
goodrx,goodrx,shopping,entertainment,
google,google,other,other,
google_analytics,google_analytics,advertising,other,
google_app_engine,google_app_engine,cloud,other,
google_calendar,google_calendar,business,productivity,
google_classroom,google_classroom,education,education,
google_docs,google_docs,productivity,productivity,
google_drive,google_drive,file_transfer,productivity,
google_earth,google_earth,navigation,other,
google_groups,google_groups,social,social_networking,
google_maps,google_maps,navigation,other,
google_photos,google_photos,photo,photo,
google_play,google_play,shopping,entertainment,
google_play_music,google_play_music,audio,entertainment,
google_plus,google_plus,social,social_networking,
google_secure_dns,google_secure_dns,networking,other,
google_stadia,google_stadia,gaming,gaming,
google_tag_manager,google_tag_manager,advertising,other,
google_translate,google_translate,productivity,productivity,
got_conquest,got_conquest,gaming,gaming,
gotoassist,gotoassist,remoting,vpn,
gotomeeting,gotomeeting,messaging,messaging,
gotomypc,gotomypc,remoting,vpn,
gototraining,gototraining,education,education,
gotowebinar,gotowebinar,business,productivity,
goverlan,goverlan,networking,other,
gpp_remote_viewer,gpp_remote_viewer,remoting,vpn,
graboid,graboid,video,entertainment,
grindr,grindr,social,social_networking,
groupme,groupme,messaging,messaging,
groupon,groupon,shopping,entertainment,
groupwise,groupwise,messaging,messaging,
grubhub,grubhub,shopping,entertainment,
gruveo,gruveo,messaging,messaging,
gryphon,gryphon,networking,other,
gtp_c,gtp_c,networking,other,
gtp_u,gtp_u,networking,other,
guild_wars2,guild_wars2,gaming,gaming,
gumi_asia,gumi_asia,gaming,gaming,
guns_of_glory,guns_of_glory,gaming,gaming,
hago,hago,gaming,gaming,
hai_ncp,hai_ncp,remoting,vpn,
hamachi,hamachi,remoting,vpn,
hamicloud,hamicloud,cloud,other,
hammer_vpn,hammer_vpn,remoting,vpn,
hangouts,hangouts,messaging,messaging,
hangouts_call,hangouts_call,messaging,messaging,hangouts
hang_w,hang_w,video,entertainment,
hao123,hao123,news,news,
happy_color,happy_color,gaming,gaming,
happyfox,happyfox,business,productivity,
hart_ip,hart_ip,networking,other,
haveafling,haveafling,social,social_networking,
hay_day,hay_day,gaming,gaming,
hbo,hbo,video,entertainment,
hbr,hbr,news,news,
headspace,headspace,audio,entertainment,
hearthstone,hearthstone,gaming,gaming,
heart_of_vegas,heart_of_vegas,gaming,gaming,
helix,helix,gaming,gaming,
hello_network,hello_network,social,social_networking,
helponclick,helponclick,business,productivity,
helpshift,helpshift,messaging,messaging,
here_maps,here_maps,navigation,other,
heroku,heroku,other,other,
hero_wars,hero_wars,gaming,gaming,
hexatech_vpn,hexatech_vpn,remoting,vpn,
hi5,hi5,social,social_networking,
hiclub,hiclub,video,entertainment,
hideman,hideman,remoting,vpn,
hideme,hideme,remoting,vpn,
hideme_free_vpn,hideme_free_vpn,remoting,vpn,
hide_my_ass,hide_my_ass,remoting,vpn,
highrisehq,highrisehq,business,productivity,
hightail,hightail,file_transfer,productivity,
hike,hike,messaging,messaging,
hill_climb_racing,hill_climb_racing,gaming,gaming,
hily,hily,social,social_networking,
hinge,hinge,social,social_networking,
hipchat,hipchat,messaging,messaging,
hipchat_call,hipchat_call,messaging,messaging,hipchat
hirez_studio,hirez_studio,gaming,gaming,
hitwe,hitwe,social,social_networking,
hi_vpn,hi_vpn,remoting,vpn,
hl7,hl7,networking,other,
hobowars,hobowars,gaming,gaming,
hockeyapp,hockeyapp,advertising,other,
hola,hola,remoting,vpn,
holla,holla,social,social_networking,
honeywell_sds,honeywell_sds,device,other,
hooked,hooked,other,other,
hookt,hookt,social,social_networking,
hook_up_dating,hook_up_dating,social,social_networking,
hop,hop,gaming,gaming,
hopper,hopper,shopping,entertainment,
hopster,hopster,video,entertainment,
hot_or_not,hot_or_not,social,social_networking,
hotspot_shield,hotspot_shield,remoting,vpn,
hotstar,hotstar,video,entertainment,
hot_vpn,hot_vpn,remoting,vpn,
house_of_fun,house_of_fun,gaming,gaming,
houseparty,houseparty,social,social_networking,
hpeprint,hpeprint,file_transfer,productivity,
hsrp,hsrp,networking,other,
http,http,networking,other,
http2,http2,networking,other,
huajiao,huajiao,social,social_networking,
huawei_appstore,huawei_appstore,shopping,entertainment,
hubspot,hubspot,business,productivity,
huffpost,huffpost,news,news,
hulu,hulu,video,entertainment,
huoshan,huoshan,social,social_networking,
hushmail,hushmail,messaging,messaging,
huuuge_casino,huuuge_casino,gaming,gaming,
huuuge_global,huuuge_global,gaming,gaming,
hydrawise,hydrawise,device,other,
hyperoffice,hyperoffice,business,productivity,
iax,iax,messaging,messaging,
ibvpn,ibvpn,remoting,vpn,
icecast,icecast,audio,entertainment,
icloud,icloud,file_transfer,productivity,
icloud_calendar,icloud_calendar,business,productivity,
icloud_contacts,icloud_contacts,file_transfer,productivity,
icloud_fmf,icloud_fmf,social,social_networking,
icloud_mail,icloud_mail,messaging,messaging,
icloud_photo,icloud_photo,photo,photo,
icmp,icmp,networking,other,
icmpv6,icmpv6,networking,other,
icourses,icourses,education,education,
icq,icq,messaging,messaging,
icq_call,icq_call,messaging,messaging,icq
identity_v,identity_v,gaming,gaming,
idrive,idrive,file_transfer,productivity,
iec_60870,iec_60870,autonomous,other,
ifeng,ifeng,news,news,
ifttt,ifttt,networking,other,
igg,igg,gaming,gaming,
iheart_radio,iheart_radio,audio,entertainment,
im30,im30,gaming,gaming,
imap,imap,messaging,messaging,
imbc,imbc,video,entertainment,
imdb,imdb,video,entertainment,
imgix,imgix,file_transfer,productivity,
imgur,imgur,social,social_networking,
impact,impact,advertising,other,
imvu,imvu,social,social_networking,
inbox,inbox,messaging,messaging,
indexexchange,indexexchange,advertising,other,
ingress,ingress,gaming,gaming,
inke,inke,video,entertainment,
in_launcher,in_launcher,other,other,
inmobi,inmobi,advertising,other,
inneractive,inneractive,advertising,other,
innovid,innovid,advertising,other,
insightly,insightly,business,productivity,
instacart,instacart,shopping,entertainment,
instagram,instagram,social,social_networking,
instructure,instructure,education,education,
integralads,integralads,advertising,other,
intentiq,intentiq,advertising,other,
intercom,intercom,messaging,messaging,
intuit,intuit,other,other,
invisionapp,invisionapp,productivity,productivity,
iperceptions,iperceptions,advertising,other,
iperf,iperf,other,other,
ipfix,ipfix,networking,other,
ipfs,ipfs,file_transfer,productivity,
ip_messenger,ip_messenger,messaging,messaging,
ipmi,ipmi,networking,other,
ipp,ipp,networking,other,
ipvanish,ipvanish,remoting,vpn,
iqiyi,iqiyi,video,entertainment,
irc,irc,messaging,messaging,
irc_data,irc_data,file_transfer,productivity,
irobot,irobot,remoting,vpn,
ironsight,ironsight,gaming,gaming,
ironsource,ironsource,advertising,other,
irs,irs,other,other,
isakmp,isakmp,networking,other,
iscsi,iscsi,file_transfer,productivity,
islonline,islonline,remoting,vpn,
isns,isns,networking,other,
itunes,itunes,audio,entertainment,
itunes_u,itunes_u,education,education,
iugo_mobile,iugo_mobile,gaming,gaming,
iwarp,iwarp,networking,other,
ixchariot,ixchariot,networking,other,
ixcoin,ixcoin,file_transfer,productivity,
ixi,ixi,advertising,other,
ixl,ixl,education,education,
jiochat,jiochat,messaging,messaging,
jiochat_call,jiochat_call,messaging,messaging,jiochat
jira,jira,collaboration,productivity,
jitsi,jitsi,messaging,messaging,
jive,jive,messaging,messaging,
jivox,jivox,advertising,other,
jobvite,jobvite,business,productivity,
joinme,joinme,messaging,messaging,
jondo,jondo,remoting,vpn,
jotform,jotform,productivity,productivity,
jott,jott,messaging,messaging,
jump_desktop,jump_desktop,remoting,vpn,
jumpshare,jumpshare,file_transfer,productivity,
jungle_disk,jungle_disk,file_transfer,productivity,
junior_einstein,junior_einstein,education,education,
justalk,justalk,messaging,messaging,
justbeamit,justbeamit,file_transfer,productivity,
justcloud,justcloud,file_transfer,productivity,
just_proxy,just_proxy,remoting,vpn,
justvoip,justvoip,messaging,messaging,
jxta,jxta,p2p,peer-to-peer,
kabam,kabam,gaming,gaming,
kafka,kafka,database,other,
kahoot,kahoot,gaming,gaming,
kakao,kakao,messaging,messaging,
kasa_smart,kasa_smart,device,other,
kaseya,kaseya,remoting,vpn,
kaspersky,kaspersky,security,other,
kboing,kboing,audio,entertainment,
kbs,kbs,video,entertainment,
kbs_mail,kbs_mail,messaging,messaging,
kdp,kdp,video,entertainment,
kdsp,kdsp,networking,other,
keku,keku,messaging,messaging,
keku_call,keku_call,messaging,messaging,keku
kerberos,kerberos,networking,other,
ketchapp,ketchapp,gaming,gaming,
keyholetv,keyholetv,video,entertainment,
khan_academy,khan_academy,education,education,
kickasstorrents,kickasstorrents,p2p,peer-to-peer,
kik,kik,messaging,messaging,
king_ads,king_ads,advertising,other,
king_digital,king_digital,gaming,gaming,
king_of_avalon,king_of_avalon,gaming,gaming,
kingsgroup,kingsgroup,gaming,gaming,
kismet,kismet,networking,other,
kissmetrics,kissmetrics,advertising,other,
kiwi,kiwi,social,social_networking,
klei,klei,gaming,gaming,
klondike,klondike,gaming,gaming,
knowbe4,knowbe4,security,other,
kochava,kochava,advertising,other,
kproxy,kproxy,remoting,vpn,
ktorrent,ktorrent,p2p,peer-to-peer,
kuaishou,kuaishou,social,social_networking,
kugou,kugou,audio,entertainment,
kuwo,kuwo,audio,entertainment,
labxchange,labxchange,education,education,
laifeng,laifeng,social,social_networking,
lantern,lantern,remoting,vpn,
lark,lark,productivity,productivity,
lark_call,lark_call,messaging,messaging,lark
lastfm,lastfm,audio,entertainment,
last_shelter,last_shelter,gaming,gaming,
ldap,ldap,database,other,
ldp,ldp,networking,other,
league_of_legends,league_of_legends,gaming,gaming,
leanplum,leanplum,advertising,other,
learning_a_z,learning_a_z,education,education,
learningequality,learningequality,education,education,
lego_worlds,lego_worlds,gaming,gaming,
letgo,letgo,shopping,entertainment,
letv,letv,video,entertainment,
leviton_cloud,leviton_cloud,remoting,vpn,
lexia,lexia,education,education,
lgthinq,lgthinq,device,other,
libon,libon,messaging,messaging,
libon_call,libon_call,messaging,messaging,libon
life360,life360,social,social_networking,
lifesize_cloud,lifesize_cloud,messaging,messaging,
lifestreet,lifestreet,advertising,other,
liftoff_io,liftoff_io,advertising,other,
lifx,lifx,device,other,
lightroom,lightroom,video,entertainment,
like,like,video,entertainment,
lilith_games,lilith_games,gaming,gaming,
limelight,limelight,cloud,other,
line,line,messaging,messaging,
line2,line2,messaging,messaging,
line2_call,line2_call,messaging,messaging,line2
line_live,line_live,video,entertainment,
line_tv,line_tv,video,entertainment,
linkedin,linkedin,social,social_networking,
link_messenger,link_messenger,messaging,messaging,
linkvpn,linkvpn,remoting,vpn,
linphone,linphone,messaging,messaging,
lionlive,lionlive,social,social_networking,
liquidsky,liquidsky,gaming,gaming,
lisp,lisp,networking,other,
liveagent,liveagent,business,productivity,
livecare,livecare,business,productivity,
livechat,livechat,business,productivity,
livejournal,livejournal,social,social_networking,
lively,lively,social,social_networking,
liveme,liveme,social,social_networking,
livestar,livestar,social,social_networking,
livestream,livestream,video,entertainment,
llmnr,llmnr,networking,other,
loadimpact,loadimpact,other,other,
lockbin,lockbin,messaging,messaging,
logitech,logitech,device,other,
logmein,logmein,remoting,vpn,
lomotif,lomotif,video,entertainment,
loom,loom,business,productivity,
lords_mobile,lords_mobile,gaming,gaming,
loseit,loseit,health,health_&_fitness,
lotame,lotame,advertising,other,
lotus_notes,lotus_notes,productivity,productivity,
love_nikki,love_nikki,gaming,gaming,
lowes,lowes,shopping,entertainment,
lucidchart,lucidchart,productivity,productivity,
luckyday,luckyday,gaming,gaming,
lucky_goal,lucky_goal,gaming,gaming,
luigis_mansion_3,luigis_mansion_3,gaming,gaming,
lwapp,lwapp,networking,other,
lycos,lycos,other,other,
lycos_mail,lycos_mail,messaging,messaging,
lyft,lyft,navigation,other,
lynda,lynda,education,education,
maaii,maaii,messaging,messaging,
machine_zone,machine_zone,gaming,gaming,
mafia_city,mafia_city,gaming,gaming,
mailchimp,mailchimp,messaging,messaging,
mail_com,mail_com,messaging,messaging,
mailfence,mailfence,messaging,messaging,
mailjet,mailjet,messaging,messaging,
mail_ru,mail_ru,messaging,messaging,
make7_hexa_puzzle,make7_hexa_puzzle,gaming,gaming,
make_hexa_puzzle,make_hexa_puzzle,gaming,gaming,
manageengine,manageengine,productivity,productivity,
mango_tv,mango_tv,video,entertainment,
manuscript,manuscript,productivity,productivity,
mapbox,mapbox,navigation,other,
maplestory,maplestory,gaming,gaming,
mapquest,mapquest,navigation,other,
maps_me,maps_me,navigation,other,
marcopolo,marcopolo,messaging,messaging,
mario_kart_8,mario_kart_8,gaming,gaming,
mariokarttour,mariokarttour,gaming,gaming,
mario_maker_2,mario_maker_2,gaming,gaming,
mario_odyssey,mario_odyssey,gaming,gaming,
mario_party,mario_party,gaming,gaming,
mario_tennis_aces,mario_tennis_aces,gaming,gaming,
marvel_coc,marvel_coc,gaming,gaming,
matchcom,matchcom,social,social_networking,
matchington,matchington,gaming,gaming,
mathepirat,mathepirat,education,education,
mathgames,mathgames,education,education,
mathway,mathway,education,education,
matrix_vpn,matrix_vpn,remoting,vpn,
mattel163,mattel163,gaming,gaming,
mavenlink,mavenlink,productivity,productivity,
maxdb,maxdb,database,other,
mcafee,mcafee,security,other,
mcdonalds,mcdonalds,shopping,entertainment,
mdns,mdns,networking,other,
mediafire,mediafire,file_transfer,productivity,
media_innovation_group,media_innovation_group,advertising,other,
mediamath,mediamath,advertising,other,
meetme,meetme,social,social_networking,
meetup,meetup,social,social_networking,
meetville,meetville,social,social_networking,
mega,mega,file_transfer,productivity,
megaco,megaco,networking,other,
megaproxy,megaproxy,remoting,vpn,
melon,melon,messaging,messaging,
melon_call,melon_call,messaging,messaging,melon
memcached,memcached,networking,other,
mercari,mercari,shopping,entertainment,
messenger,messenger,messaging,messaging,
messenger_call,messenger_call,messaging,messaging,messenger
metacafe,metacafe,video,entertainment,
metatrader,metatrader,shopping,entertainment,
mewe,mewe,social,social_networking,
mgcp,mgcp,networking,other,
miaobo,miaobo,social,social_networking,
mibbit,mibbit,messaging,messaging,
microsoft,microsoft,other,other,
microsoft_azure,microsoft_azure,cloud,other,
microsoft_dynamics,microsoft_dynamics,business,productivity,
microsoft_office_365,microsoft_office_365,productivity,productivity,
microsoft_onedrive,microsoft_onedrive,file_transfer,productivity,
microsoft_outlook,microsoft_outlook,messaging,messaging,
microsoft_sharepoint_online,microsoft_sharepoint_online,productivity,productivity,
microsoft_store,microsoft_store,shopping,entertainment,
microsoft_stream,microsoft_stream,business,productivity,
microsoft_teams,microsoft_teams,messaging,messaging,
mikogo,mikogo,messaging,messaging,
mileiq,mileiq,navigation,other,
millward_brown_digital,millward_brown_digital,advertising,other,
mindspark,mindspark,education,education,
minecraft,minecraft,gaming,gaming,
miniclip_games,miniclip_games,gaming,gaming,
miop,miop,networking,other,
miro,miro,video,entertainment,
mitalk,mitalk,messaging,messaging,
mixcloud,mixcloud,audio,entertainment,
mix_com,mix_com,news,news,
mixpanel,mixpanel,advertising,other,
mlb,mlb,news,news,
moat,moat,advertising,other,
mobile_ad_trading,mobile_ad_trading,advertising,other,
mobile_strike,mobile_strike,gaming,gaming,
mobobeat,mobobeat,advertising,other,
mobrain,mobrain,advertising,other,
mobvista,mobvista,advertising,other,
modbus,modbus,autonomous,other,
momo,momo,social,social_networking,
monero,monero,file_transfer,productivity,
mongodb_wire_protocol,mongodb_wire_protocol,database,other,
monkey,monkey,social,social_networking,
monster_and_commander,monster_and_commander,gaming,gaming,
moodle,moodle,education,education,
mopub,mopub,advertising,other,
mosoteach,mosoteach,education,education,
motor_world,motor_world,gaming,gaming,
moviefone,moviefone,shopping,entertainment,
moz,moz,advertising,other,
mpeg,mpeg,video,entertainment,
mplus,mplus,messaging,messaging,
mqtt,mqtt,networking,other,
ms_dns,ms_dns,remoting,vpn,
msdp,msdp,networking,other,
ms_exchange,ms_exchange,messaging,messaging,
ms_frs,ms_frs,file_transfer,productivity,
ms_iis,ms_iis,file_transfer,productivity,
ms_mqm,ms_mqm,messaging,messaging,
ms_msg,ms_msg,messaging,messaging,
ms_netlogon,ms_netlogon,networking,other,
msn_weather,msn_weather,news,news,
msp360,msp360,remoting,vpn,
msp_anywhere,msp_anywhere,remoting,vpn,
msrp,msrp,messaging,messaging,
msrpc,msrpc,remoting,vpn,
ms_scheduler,ms_scheduler,remoting,vpn,
ms_wins,ms_wins,database,other,
multiply,multiply,social,social_networking,
munin,munin,remoting,vpn,
musi,musi,audio,entertainment,
mutenet,mutenet,p2p,peer-to-peer,
my_com,my_com,other,other,
mydlink,mydlink,device,other,
myfitnesspal,myfitnesspal,health,health_&_fitness,
mygreenpc,mygreenpc,remoting,vpn,
mymusic,mymusic,audio,entertainment,
mynewplace,mynewplace,shopping,entertainment,
myq,myq,device,other,
myradar,myradar,news,news,
myspace,myspace,social,social_networking,
mysql,mysql,database,other,
nabd,nabd,business,productivity,
nafham,nafham,education,education,
nanosystems,nanosystems,remoting,vpn,
nate,nate,news,news,
nate_mail,nate_mail,messaging,messaging,
nateon,nateon,messaging,messaging,
national_hockey_league,national_hockey_league,news,news,
nat_pmp,nat_pmp,networking,other,
naver,naver,other,other,
naverisk,naverisk,remoting,vpn,
naver_mail,naver_mail,messaging,messaging,
navigator,navigator,navigation,other,
nba,nba,news,news,
ncsoft,ncsoft,gaming,gaming,
ndmp,ndmp,networking,other,
nearpod,nearpod,education,education,
nectardesk,nectardesk,business,productivity,
nes,nes,gaming,gaming,
nest,nest,device,other,
net2phone,net2phone,messaging,messaging,
netbackup,netbackup,file_transfer,productivity,
netbios_ds,netbios_ds,networking,other,
netbios_ns,netbios_ns,networking,other,
netbios_ss,netbios_ss,networking,other,
netease,netease,other,other,
netease_game,netease_game,gaming,gaming,
netflix,netflix,video,entertainment,
netmarble,netmarble,gaming,gaming,
netmg,netmg,advertising,other,
netop,netop,remoting,vpn,
netsupport,netsupport,networking,other,
netware,netware,networking,other,
netweaver,netweaver,database,other,
neustar,neustar,advertising,other,
neverwinter,neverwinter,gaming,gaming,
newrelic,newrelic,advertising,other,
news_break,news_break,news,news,
newsmax,newsmax,news,news,
nexon,nexon,gaming,gaming,
next_digital,next_digital,video,entertainment,
nextdoor,nextdoor,social,social_networking,
nextplus,nextplus,messaging,messaging,
niantic,niantic,gaming,gaming,
nicovideo,nicovideo,video,entertainment,
nielsen,nielsen,advertising,other,
nike,nike,shopping,entertainment,
nimbuzz,nimbuzz,messaging,messaging,
nintendo,nintendo,gaming,gaming,
nintendo_eshop,nintendo_eshop,shopping,entertainment,
nintendo_network,nintendo_network,gaming,gaming,
nintendo_switch,nintendo_switch,gaming,gaming,
nntp,nntp,news,news,
noaa_weather_radar_live,noaa_weather_radar_live,news,news,
noction_irp,noction_irp,networking,other,
nogoumfm,nogoumfm,audio,entertainment,
nom,nom,social,social_networking,
nordvpn,nordvpn,remoting,vpn,
norton,norton,security,other,
novacoin,novacoin,file_transfer,productivity,
ntp,ntp,networking,other,
ntr_cloud,ntr_cloud,remoting,vpn,
nttgame,nttgame,gaming,gaming,
nutshell,nutshell,business,productivity,
nuviad,nuviad,advertising,other,
nvidia,nvidia,other,other,
nymgo,nymgo,messaging,messaging,
nytimes,nytimes,news,news,
ocsp,ocsp,networking,other,
odnoklassniki,odnoklassniki,social,social_networking,
offerup,offerup,shopping,entertainment,
ogury,ogury,advertising,other,
oh_bibi,oh_bibi,gaming,gaming,
okcupid,okcupid,social,social_networking,
ollehmusic,ollehmusic,audio,entertainment,
olsr,olsr,networking,other,
omegle,omegle,social,social_networking,
on24,on24,business,productivity,
onavo,onavo,remoting,vpn,
onehub,onehub,file_transfer,productivity,
onxmaps,onxmaps,navigation,other,
oovoo,oovoo,messaging,messaging,
opc_ua,opc_ua,networking,other,
opendns,opendns,networking,other,
openflow,openflow,networking,other,
openmeetings,openmeetings,messaging,messaging,
openvpn,openvpn,remoting,vpn,
openx,openx,advertising,other,
opera_vpn,opera_vpn,remoting,vpn,
optimizely,optimizely,advertising,other,
oracle_sql,oracle_sql,database,other,
origin_com,origin_com,gaming,gaming,
oscar,oscar,messaging,messaging,
osmand,osmand,navigation,other,
ossec,ossec,networking,other,
oto_global,oto_global,messaging,messaging,
oto_global_call,oto_global_call,messaging,messaging,oto_global
outbrain,outbrain,advertising,other,
overcast,overcast,audio,entertainment,
ovpn_finder,ovpn_finder,remoting,vpn,
p2pool,p2pool,file_transfer,productivity,
padlet,padlet,collaboration,productivity,
palringo,palringo,messaging,messaging,
paltalk,paltalk,messaging,messaging,
pandora,pandora,audio,entertainment,
papi,papi,networking,other,
paradox_interactive,paradox_interactive,gaming,gaming,
parallels,parallels,remoting,vpn,
patch_com,patch_com,news,news,
path_of_exile,path_of_exile,gaming,gaming,
path_talk,path_talk,messaging,messaging,
paymoapp,paymoapp,productivity,productivity,
paypal,paypal,shopping,entertainment,
pbs_kids,pbs_kids,video,entertainment,
pc_duo,pc_duo,remoting,vpn,
pcep,pcep,networking,other,
pcloud,pcloud,file_transfer,productivity,
pcoip,pcoip,remoting,vpn,
pdbox,pdbox,p2p,peer-to-peer,
pdf,pdf,file_transfer,productivity,
pdproxy,pdproxy,remoting,vpn,
peardeck,peardeck,education,education,
pearltrees,pearltrees,social,social_networking,
pebblego,pebblego,education,education,
peercoin,peercoin,file_transfer,productivity,
peloton,peloton,health,health_&_fitness,
perfect_world_games,perfect_world_games,gaming,gaming,
perforce,perforce,productivity,productivity,
periscope,periscope,social,social_networking,
pexip,pexip,messaging,messaging,
phantasy_star_online_2,phantasy_star_online_2,gaming,gaming,
phantom_fex,phantom_fex,gaming,gaming,
phantom_vpn,phantom_vpn,remoting,vpn,
philips,philips,remoting,vpn,
philips_hue,philips_hue,remoting,vpn,
photomath,photomath,education,education,
photorank,photorank,advertising,other,
piccollage,piccollage,photo,photo,
picsart,picsart,photo,photo,
picturethis,picturethis,education,education,
pinger,pinger,messaging,messaging,
pinger_call,pinger_call,messaging,messaging,pinger
pinterest,pinterest,social,social_networking,
pivotal_tracker,pivotal_tracker,productivity,productivity,
pixalate,pixalate,advertising,other,
pixelberry,pixelberry,gaming,gaming,
pjl,pjl,networking,other,
plarium,plarium,gaming,gaming,
playdemic,playdemic,gaming,gaming,
playerunknowns_battlegrounds,playerunknowns_battlegrounds,gaming,gaming,
playfab,playfab,gaming,gaming,
playgendary,playgendary,gaming,gaming,
playhaven,playhaven,advertising,other,
playrix,playrix,gaming,gaming,
playtika,playtika,gaming,gaming,
plentyoffish,plentyoffish,social,social_networking,
plex,plex,video,entertainment,
plexvpn,plexvpn,remoting,vpn,
plustransfer,plustransfer,file_transfer,productivity,
plutotv,plutotv,video,entertainment,
pnrp,pnrp,networking,other,
pocket,pocket,news,news,
pocketcamp,pocketcamp,gaming,gaming,
pocket_controller,pocket_controller,remoting,vpn,
pokec,pokec,social,social_networking,
pokemon_cafe_mix,pokemon_cafe_mix,gaming,gaming,
pokemon_go,pokemon_go,gaming,gaming,
pokemon_home,pokemon_home,gaming,gaming,
pokemon_lets_go,pokemon_lets_go,gaming,gaming,
pokemonmasters,pokemonmasters,gaming,gaming,
pokemon_sword_shield,pokemon_sword_shield,gaming,gaming,
polyup,polyup,education,education,
pop3,pop3,messaging,messaging,
pops_lots,pops_lots,gaming,gaming,
poshmark,poshmark,shopping,entertainment,
postgresql,postgresql,database,other,
postmates,postmates,shopping,entertainment,
pptp,pptp,remoting,vpn,
pptv,pptv,video,entertainment,
prisma,prisma,photo,photo,
private_internet_access,private_internet_access,remoting,vpn,
private_tunnel,private_tunnel,remoting,vpn,
privatix,privatix,remoting,vpn,
prodigy_math_game,prodigy_math_game,gaming,gaming,
product_madness,product_madness,gaming,gaming,
projectplace,projectplace,productivity,productivity,
propertybrothers_hd,propertybrothers_hd,gaming,gaming,
protonmail,protonmail,messaging,messaging,
prowise,prowise,collaboration,productivity,
proxpn,proxpn,remoting,vpn,
pruna,pruna,file_transfer,productivity,
psiphon,psiphon,remoting,vpn,
ptp,ptp,networking,other,
ptunnel,ptunnel,networking,other,
pubmatic,pubmatic,advertising,other,
pulsepoint,pulsepoint,advertising,other,
pulseway,pulseway,remoting,vpn,
purevpn,purevpn,remoting,vpn,
purplemash,purplemash,education,education,
qianlong,qianlong,shopping,entertainment,
qihoo_360,qihoo_360,security,other,
qq_game,qq_game,gaming,gaming,
qq_mail,qq_mail,messaging,messaging,
quake,quake,gaming,gaming,
qualtrics,qualtrics,advertising,other,
quantcast,quantcast,advertising,other,
quibi,quibi,video,entertainment,
quic,quic,networking,other,
quickbooks,quickbooks,business,productivity,
quik,quik,video,entertainment,
quizizz,quizizz,education,education,
quizlet,quizlet,education,education,
quora,quora,social,social_networking,
rabbit,rabbit,messaging,messaging,
rabbit_call,rabbit_call,messaging,messaging,rabbit
rachio,rachio,device,other,
radish,radish,other,other,
radius,radius,networking,other,
radmin,radmin,remoting,vpn,
raidcall,raidcall,messaging,messaging,
raknet,raknet,gaming,gaming,
rakuten,rakuten,shopping,entertainment,
random_chat,random_chat,social,social_networking,
rarbg,rarbg,p2p,peer-to-peer,
rdp,rdp,remoting,vpn,
readworks,readworks,education,education,
rebtel,rebtel,messaging,messaging,
redbull_tv,redbull_tv,video,entertainment,
reddit,reddit,social,social_networking,
rediff,rediff,shopping,entertainment,
rediff_mail,rediff_mail,messaging,messaging,
remind,remind,messaging,messaging,
remotecall,remotecall,remoting,vpn,
remotepc,remotepc,remoting,vpn,
remoteview,remoteview,remoting,vpn,
resilio,resilio,file_transfer,productivity,
rhub,rhub,messaging,messaging,
rhythmone,rhythmone,advertising,other,
rift,rift,gaming,gaming,
ring,ring,device,other,
ring_av,ring_av,device,other,ring
ringcentral,ringcentral,messaging,messaging,
ringfit_adventure,ringfit_adventure,gaming,gaming,
riot_games,riot_games,gaming,gaming,
rip,rip,networking,other,
rise_of_civilizations,rise_of_civilizations,gaming,gaming,
robinhood,robinhood,news,news,
roblox,roblox,gaming,gaming,
robokiller,robokiller,other,other,
rocket_chat,rocket_chat,messaging,messaging,
rocket_league,rocket_league,gaming,gaming,
rocketvpn,rocketvpn,remoting,vpn,
rockstargames,rockstargames,gaming,gaming,
roku,roku,video,entertainment,
roll_the_ball,roll_the_ball,gaming,gaming,
rosetta_stone,rosetta_stone,education,education,
rovio,rovio,gaming,gaming,
rpc,rpc,remoting,vpn,
rpc_over_http,rpc_over_http,remoting,vpn,
rspread,rspread,advertising,other,
rsync,rsync,file_transfer,productivity,
rtcp,rtcp,networking,other,
rtmfp,rtmfp,networking,other,
rtmp,rtmp,networking,other,
rtp,rtp,networking,other,
rtps,rtps,file_transfer,productivity,
rtsp,rtsp,networking,other,
rubicon_project,rubicon_project,advertising,other,
runbox,runbox,messaging,messaging,
runescape,runescape,gaming,gaming,
runewaker,runewaker,gaming,gaming,
rutube,rutube,video,entertainment,
safer_vpn,safer_vpn,remoting,vpn,
salesforce,salesforce,business,productivity,
salesforce_mc,salesforce_mc,advertising,other,
samanage,samanage,productivity,productivity,
sametime,sametime,messaging,messaging,
samsung,samsung,device,other,
sap,sap,networking,other,
sap_bo,sap_bo,database,other,
sap_se,sap_se,database,other,
sarahah,sarahah,social,social_networking,
sayhi,sayhi,productivity,productivity,
sccm,sccm,remoting,vpn,
sccp,sccp,networking,other,
schlaukopf,schlaukopf,education,education,
school_of_dragons,school_of_dragons,gaming,gaming,
schoology,schoology,education,education,
scopely,scopely,gaming,gaming,
scorecardresearch,scorecardresearch,advertising,other,
scoutgpslink,scoutgpslink,navigation,other,
screencastify,screencastify,business,productivity,
second_life,second_life,gaming,gaming,
securenetsystems,securenetsystems,audio,entertainment,
securitykiss,securitykiss,remoting,vpn,
seed4_me,seed4_me,remoting,vpn,
seesaw,seesaw,education,education,
segment,segment,advertising,other,
sellpoint,sellpoint,advertising,other,
send_anywhere,send_anywhere,file_transfer,productivity,
sendfiles,sendfiles,file_transfer,productivity,
sendspace,sendspace,file_transfer,productivity,
sendthisfile,sendthisfile,file_transfer,productivity,
sendtransfer,sendtransfer,file_transfer,productivity,
sentry,sentry,remoting,vpn,
servicenow,servicenow,business,productivity,
sflow,sflow,networking,other,
shadowsocks,shadowsocks,remoting,vpn,
shall_we_date,shall_we_date,gaming,gaming,
shareaza,shareaza,p2p,peer-to-peer,
sharedband,sharedband,other,other,
sharefile,sharefile,file_transfer,productivity,
shareit,shareit,file_transfer,productivity,
sharethrough,sharethrough,advertising,other,
shawacademy,shawacademy,education,education,
shaw_bluecurve_tv,shaw_bluecurve_tv,video,entertainment,
shaw_ondemand,shaw_ondemand,video,entertainment,
shaw_webmail,shaw_webmail,messaging,messaging,
shazam,shazam,audio,entertainment,
shein,shein,shopping,entertainment,
shomi,shomi,video,entertainment,
shoutcast,shoutcast,audio,entertainment,
showmypc,showmypc,remoting,vpn,
showtime,showtime,video,entertainment,
shudder,shudder,video,entertainment,
signal,signal,messaging,messaging,
signal_call,signal_call,messaging,messaging,signal
signal_co,signal_co,advertising,other,
signnow,signnow,business,productivity,
simpli_fi,simpli_fi,advertising,other,
sina,sina,news,news,
sina_mail,sina_mail,messaging,messaging,
sina_weibo,sina_weibo,social,social_networking,
sip,sip,networking,other,
siri,siri,audio,entertainment,
siriusxm,siriusxm,audio,entertainment,
sitescout,sitescout,advertising,other,
sitomobile,sitomobile,advertising,other,
siyavula,siyavula,education,education,
sizmek,sizmek,advertising,other,
skillshare,skillshare,education,education,
skout,skout,social,social_networking,
skype,skype,messaging,messaging,
skype_call,skype_call,messaging,messaging,skype
skyvpn,skyvpn,remoting,vpn,
skyzip,skyzip,remoting,vpn,
slack,slack,messaging,messaging,
slack_call,slack_call,messaging,messaging,slack
slacker_radio,slacker_radio,audio,entertainment,
slader,slader,education,education,
sling,sling,video,entertainment,
slotomania,slotomania,gaming,gaming,
smaato,smaato,advertising,other,
smart_adserver,smart_adserver,advertising,other,
smart_bridgit,smart_bridgit,messaging,messaging,
smarthistory,smarthistory,education,education,
smartnews,smartnews,news,news,
smartnews_ads,smartnews_ads,advertising,other,
smart_radio,smart_radio,audio,entertainment,
smbv1,smbv1,file_transfer,productivity,
smbv2,smbv2,file_transfer,productivity,
smite,smite,gaming,gaming,
smpp,smpp,networking,other,
smtp,smtp,messaging,messaging,
smule,smule,audio,entertainment,
snap_ads,snap_ads,advertising,other,
snapchat,snapchat,social,social_networking,
snapchat_call,snapchat_call,messaging,messaging,snapchat
snap_pixel,snap_pixel,advertising,other,
snap_vpn,snap_vpn,remoting,vpn,
snes,snes,gaming,gaming,
snipers_vs_thieves,snipers_vs_thieves,gaming,gaming,
snmpv1,snmpv1,networking,other,
snmpv2c,snmpv2c,networking,other,
snmpv3,snmpv3,networking,other,
social_point,social_point,gaming,gaming,
socks,socks,networking,other,
socratic,socratic,education,education,
sofatutor,sofatutor,education,education,
softether_vpn,softether_vpn,remoting,vpn,
softonic,softonic,shopping,entertainment,
sohu,sohu,other,other,
solarwinds,solarwinds,networking,other,
solitaire_tripeaks,solitaire_tripeaks,gaming,gaming,
soma,soma,messaging,messaging,
songkick,songkick,audio,entertainment,
sonos,sonos,device,other,
sony_playstation,sony_playstation,gaming,gaming,
sopcast,sopcast,video,entertainment,
soribada,soribada,p2p,peer-to-peer,
sos_online_backup,sos_online_backup,file_transfer,productivity,
soulseek,soulseek,p2p,peer-to-peer,
soundcloud,soundcloud,audio,entertainment,
source,source,gaming,gaming,
sourceforge,sourceforge,productivity,productivity,
sovrn,sovrn,advertising,other,
space_frontier,space_frontier,gaming,gaming,
spdy,spdy,networking,other,
speedify,speedify,remoting,vpn,
speedtest,speedtest,file_transfer,productivity,
spellingcity,spellingcity,education,education,
spideroak,spideroak,file_transfer,productivity,
spike,spike,gaming,gaming,
splashtop,splashtop,remoting,vpn,
splatoon_2,splatoon_2,gaming,gaming,
spotbros,spotbros,messaging,messaging,
spotflux,spotflux,remoting,vpn,
spotify,spotify,audio,entertainment,
spotx,spotx,advertising,other,
sproutsocial,sproutsocial,productivity,productivity,
spytech,spytech,remoting,vpn,
squad,squad,social,social_networking,
square,square,shopping,entertainment,
square_enix,square_enix,gaming,gaming,
squiglit,squiglit,productivity,productivity,
srvloc,srvloc,networking,other,
ssdp,ssdp,networking,other,
ssh,ssh,remoting,vpn,
sslv2,sslv2,networking,other,
stack,stack,gaming,gaming,
stackpath,stackpath,cloud,other,
stamen_map,stamen_map,navigation,other,
starbucks,starbucks,shopping,entertainment,
stardust,stardust,gaming,gaming,
star_maa,star_maa,video,entertainment,
startrek_fleet_command,startrek_fleet_command,gaming,gaming,
star_vpn,star_vpn,remoting,vpn,
star_wars_goh,star_wars_goh,gaming,gaming,
star_wars_old_republic,star_wars_old_republic,gaming,gaming,
starz,starz,video,entertainment,
statuspage,statuspage,business,productivity,
steam,steam,gaming,gaming,
stemscopes,stemscopes,education,education,
stick_hero,stick_hero,gaming,gaming,
stitcher,stitcher,audio,entertainment,
strava,strava,health,health_&_fitness,
streamlive,streamlive,video,entertainment,
streamtheworld,streamtheworld,audio,entertainment,
streamup,streamup,social,social_networking,
stremio,stremio,video,entertainment,
strongdc,strongdc,file_transfer,productivity,
stun,stun,networking,other,
subway,subway,shopping,entertainment,
subway_surfers,subway_surfers,gaming,gaming,
successfactors,successfactors,business,productivity,
sugarsync,sugarsync,file_transfer,productivity,
summoners_war,summoners_war,gaming,gaming,
sundancenow,sundancenow,video,entertainment,
supe,supe,social,social_networking,
supercell,supercell,gaming,gaming,
super_kirby_clash,super_kirby_clash,gaming,gaming,
super_mario_run,super_mario_run,gaming,gaming,
super_smash_bros_ultimate,super_smash_bros_ultimate,gaming,gaming,
super_unlimited_proxy,super_unlimited_proxy,remoting,vpn,
supervpn,supervpn,remoting,vpn,
supremo,supremo,remoting,vpn,
surespot,surespot,messaging,messaging,
surfeasy_vpn,surfeasy_vpn,remoting,vpn,
surrogafier,surrogafier,remoting,vpn,
svtplay,svtplay,video,entertainment,
swarm,swarm,advertising,other,
switchvpn,switchvpn,remoting,vpn,
swrve,swrve,advertising,other,
sygic,sygic,navigation,other,
symantec,symantec,security,other,
syncthing,syncthing,file_transfer,productivity,
synergy,synergy,remoting,vpn,
syslog,syslog,networking,other,
tableau,tableau,productivity,productivity,
tabletop_simulator,tabletop_simulator,gaming,gaming,
taboola,taboola,advertising,other,
tacacs,tacacs,networking,other,
tagged,tagged,social,social_networking,
talkatone,talkatone,messaging,messaging,
talkatone_call,talkatone_call,messaging,messaging,talkatone
talkbox,talkbox,messaging,messaging,
talkingpoints,talkingpoints,education,education,
talkonaut,talkonaut,messaging,messaging,
talku,talku,messaging,messaging,
tango,tango,messaging,messaging,
tantan,tantan,social,social_networking,
taobao,taobao,shopping,entertainment,
tapad,tapad,advertising,other,
tapatalk,tapatalk,social,social_networking,
tap_color,tap_color,gaming,gaming,
tapjoy,tapjoy,advertising,other,
tappytoon,tappytoon,other,other,
tapsense,tapsense,advertising,other,
taptica,taptica,advertising,other,
tapvpn,tapvpn,remoting,vpn,
target,target,shopping,entertainment,
tatasky,tatasky,video,entertainment,
tds,tds,database,other,
tealium,tealium,advertising,other,
teamsnap,teamsnap,messaging,messaging,
teamspeak,teamspeak,messaging,messaging,
teamsupport,teamsupport,business,productivity,
teamviewer,teamviewer,remoting,vpn,
teamwork,teamwork,productivity,productivity,
techcrunch,techcrunch,news,news,
ted,ted,video,entertainment,
telegram,telegram,messaging,messaging,
telestar,telestar,messaging,messaging,
telestar_call,telestar_call,messaging,messaging,telestar
tellonym,tellonym,messaging,messaging,
telnet,telnet,remoting,vpn,
tencent_cloud,tencent_cloud,cloud,other,
tencent_qq,tencent_qq,messaging,messaging,
tencent_video,tencent_video,video,entertainment,
tenor,tenor,photo,photo,
teredo,teredo,remoting,vpn,
terraria,terraria,gaming,gaming,
tesla,tesla,remoting,vpn,
tetris_99,tetris_99,gaming,gaming,
textfree,textfree,messaging,messaging,
textfree_call,textfree_call,messaging,messaging,textfree
textme,textme,messaging,messaging,
textnow,textnow,messaging,messaging,
textnow_call,textnow_call,messaging,messaging,textnow
tftp,tftp,file_transfer,productivity,
theboombox,theboombox,news,news,
the_elder_scrolls_online,the_elder_scrolls_online,other,other,
thepiratebay,thepiratebay,p2p,peer-to-peer,
the_seven_deadly_sins,the_seven_deadly_sins,gaming,gaming,
thestudentroom,thestudentroom,social,social_networking,
the_tower,the_tower,gaming,gaming,
the_trade_desk,the_trade_desk,advertising,other,
the_walking_dead_rts,the_walking_dead_rts,gaming,gaming,
the_weather_channel,the_weather_channel,news,news,
the_weather_network,the_weather_network,news,news,
thinglink,thinglink,education,education,
thinkbroadband,thinkbroadband,news,news,
tibia,tibia,gaming,gaming,
tidal,tidal,audio,entertainment,
tigervpn,tigervpn,remoting,vpn,
tiki,tiki,social,social_networking,
tiktok,tiktok,social,social_networking,
tillster,tillster,shopping,entertainment,
timehop,timehop,social,social_networking,
tinder,tinder,social,social_networking,
tinychat,tinychat,video,entertainment,
tinychat_call,tinychat_call,video,entertainment,tinychat
tivoconnect,tivoconnect,device,other,
tixati,tixati,p2p,peer-to-peer,
tls,tls,networking,other,
tmall,tmall,shopping,entertainment,
tns,tns,networking,other,
toc,toc,messaging,messaging,
tokbox,tokbox,messaging,messaging,
tomatopang,tomatopang,video,entertainment,
top_nine,top_nine,social,social_networking,
tor,tor,remoting,vpn,
toreba,toreba,gaming,gaming,
torguard,torguard,remoting,vpn,
totally_reliable,totally_reliable,gaming,gaming,
total_war,total_war,gaming,gaming,
totorosa,totorosa,p2p,peer-to-peer,
touch_to_talk,touch_to_talk,messaging,messaging,
touchtunes,touchtunes,audio,entertainment,
touch_vpn,touch_vpn,remoting,vpn,
toutiao,toutiao,news,news,
towerdata,towerdata,advertising,other,
township,township,gaming,gaming,
tpkt,tpkt,networking,other,
tpncp,tpncp,networking,other,
transit,transit,navigation,other,
transmission,transmission,p2p,peer-to-peer,
transocks,transocks,remoting,vpn,
trello,trello,productivity,productivity,
tresensa,tresensa,advertising,other,
tribair,tribair,messaging,messaging,
trillian,trillian,messaging,messaging,
tringme,tringme,messaging,messaging,
trion_worlds,trion_worlds,gaming,gaming,
trivago,trivago,shopping,entertainment,
trivia_crack,trivia_crack,gaming,gaming,
troidvpn,troidvpn,remoting,vpn,
tsp,tsp,remoting,vpn,
tubi,tubi,video,entertainment,
tumblr,tumblr,social,social_networking,
tune,tune,advertising,other,
tunein_radio,tunein_radio,audio,entertainment,
tunnelbear,tunnelbear,remoting,vpn,
tunnelguru,tunnelguru,remoting,vpn,
tunngle,tunngle,remoting,vpn,
turbo_vpn,turbo_vpn,remoting,vpn,
turner,turner,news,news,
tutanota,tutanota,messaging,messaging,
tuya,tuya,device,other,
twilio,twilio,messaging,messaging,
twist,twist,gaming,gaming,
twitch,twitch,video,entertainment,
twitter,twitter,social,social_networking,
twitter_ads,twitter_ads,advertising,other,
twitter_analytics,twitter_analytics,advertising,other,
typekit,typekit,other,other,
typing,typing,education,education,
typingclub,typingclub,education,education,
uber,uber,navigation,other,
ubisoft,ubisoft,gaming,gaming,
ucool,ucool,gaming,gaming,
ucp,ucp,networking,other,
udemy,udemy,video,entertainment,
ufovpn,ufovpn,remoting,vpn,
ultraviewer,ultraviewer,remoting,vpn,
uma,uma,networking,other,
unglue,unglue,remoting,vpn,
unilad,unilad,news,news,
unistim,unistim,messaging,messaging,
unity,unity,gaming,gaming,
unity_ads,unity_ads,advertising,other,
unknown,unknown,unknown,unknown,
uno,uno,gaming,gaming,
unreal_engine,unreal_engine,gaming,gaming,
uplay,uplay,gaming,gaming,
uplive,uplive,social,social_networking,
uploaded,uploaded,file_transfer,productivity,
upsight,upsight,advertising,other,
uptobox,uptobox,file_transfer,productivity,
upworthy,upworthy,news,news,
urlive,urlive,messaging,messaging,
usaip,usaip,remoting,vpn,
ustream,ustream,video,entertainment,
utorrent,utorrent,p2p,peer-to-peer,
uusee,uusee,video,entertainment,
uwewe,uwewe,messaging,messaging,
veilduck_vpn,veilduck_vpn,remoting,vpn,
vend,vend,business,productivity,
venmo,venmo,shopping,entertainment,
verizon,verizon,shopping,entertainment,
verizon_media,verizon_media,cloud,other,
verizon_media_ads,verizon_media_ads,advertising,other,
verizon_media_playback,verizon_media_playback,video,entertainment,
viber,viber,messaging,messaging,
viber_call,viber_call,messaging,messaging,viber
videology,videology,advertising,other,
videotron,videotron,video,entertainment,
vidible,vidible,advertising,other,
vidyo,vidyo,messaging,messaging,
vigo_video,vigo_video,video,entertainment,
viki,viki,video,entertainment,
vikings_woc,vikings_woc,gaming,gaming,
vimeo,vimeo,video,entertainment,
vine,vine,video,entertainment,
visionhelpdesk,visionhelpdesk,business,productivity,
vivox,vivox,messaging,messaging,
vizor,vizor,gaming,gaming,
vk,vk,social,social_networking,
vlive,vlive,video,entertainment,
vmware_server_console,vmware_server_console,remoting,vpn,
vnc,vnc,remoting,vpn,
vonage,vonage,messaging,messaging,
vonage_call,vonage_call,messaging,messaging,vonage
voodoo,voodoo,gaming,gaming,
vowifi,vowifi,messaging,messaging,
voxeet,voxeet,messaging,messaging,
voxer,voxer,messaging,messaging,
voxofon,voxofon,messaging,messaging,
voxofon_call,voxofon_call,messaging,messaging,voxofon
vpn_360,vpn_360,remoting,vpn,
vpnbook,vpnbook,remoting,vpn,
vpn_express,vpn_express,remoting,vpn,
vpn_in_touch,vpn_in_touch,remoting,vpn,
vpn_master,vpn_master,remoting,vpn,
vpn_monster,vpn_monster,remoting,vpn,
vpnreactor,vpnreactor,remoting,vpn,
vpn_robot,vpn_robot,remoting,vpn,
vpntunnel,vpntunnel,remoting,vpn,
vpn_unlimited,vpn_unlimited,remoting,vpn,
vrv,vrv,video,entertainment,
vsco,vsco,photo,photo,
vsee,vsee,messaging,messaging,
vshare,vshare,file_transfer,productivity,
vudu,vudu,video,entertainment,
vungle,vungle,advertising,other,
vuze,vuze,p2p,peer-to-peer,
vxlan,vxlan,networking,other,
vyprvpn,vyprvpn,remoting,vpn,
walleye,walleye,database,other,
walmart,walmart,shopping,entertainment,
wanba,wanba,gaming,gaming,
wanmei,wanmei,gaming,gaming,
war2glory,war2glory,gaming,gaming,
warframe,warframe,gaming,gaming,
wargaming,wargaming,gaming,gaming,
warp_vpn,warp_vpn,remoting,vpn,
war_thunder,war_thunder,gaming,gaming,
washingtonpost,washingtonpost,news,news,
wattpad,wattpad,social,social_networking,
way2sms,way2sms,messaging,messaging,
wayfair,wayfair,shopping,entertainment,
waze,waze,navigation,other,
wccp,wccp,networking,other,
weapp,weapp,messaging,messaging,
weapp_call,weapp_call,messaging,messaging,weapp
webdav,webdav,networking,other,
webex,webex,messaging,messaging,
webex_call,webex_call,messaging,messaging,webex
webkinz,webkinz,gaming,gaming,
weblogic,weblogic,database,other,
webnovel,webnovel,other,other,
webroot,webroot,security,other,
websocket,websocket,networking,other,
webtoon,webtoon,news,news,
webtorrent,webtorrent,p2p,peer-to-peer,
wechat,wechat,messaging,messaging,
wechat_call,wechat_call,messaging,messaging,wechat
weightwatchers,weightwatchers,health,health_&_fitness,
weiyun,weiyun,file_transfer,productivity,
wemo,wemo,remoting,vpn,
wesendit,wesendit,file_transfer,productivity,
wetransfer,wetransfer,file_transfer,productivity,
wgt_golf,wgt_golf,gaming,gaming,
whatsapp,whatsapp,messaging,messaging,
whatsapp_call,whatsapp_call,messaging,messaging,whatsapp
whatscall,whatscall,messaging,messaging,
whereby,whereby,messaging,messaging,
whereby_call,whereby_call,messaging,messaging,whereby
whisper,whisper,social,social_networking,
whoshere,whoshere,social,social_networking,
wickrme,wickrme,messaging,messaging,
wifimotion,wifimotion,device,other,
wikia,wikia,news,news,
wikidot,wikidot,social,social_networking,
wikipedia,wikipedia,education,education,
windows_update,windows_update,updates,other,
windscribe,windscribe,remoting,vpn,
winmx,winmx,p2p,peer-to-peer,
winsrepl,winsrepl,networking,other,
wire,wire,messaging,messaging,
wire_call,wire_call,messaging,messaging,wire
wireguard,wireguard,remoting,vpn,
wish,wish,shopping,entertainment,
wispi,wispi,messaging,messaging,
wispi_call,wispi_call,messaging,messaging,wispi
wistia,wistia,advertising,other,
wizards_unite,wizards_unite,gaming,gaming,
wlccp,wlccp,networking,other,
wol,wol,networking,other,
word_cookies,word_cookies,gaming,gaming,
wordfeud,wordfeud,gaming,gaming,
wordpress,wordpress,productivity,productivity,
words_crush,words_crush,gaming,gaming,
words_with_friends,words_with_friends,gaming,gaming,
workday,workday,business,productivity,
worketc,worketc,business,productivity,
workplace,workplace,messaging,messaging,
world_of_warcraft,world_of_warcraft,gaming,gaming,
world_war_z,world_war_z,gaming,gaming,
wsj,wsj,news,news,
wsop,wsop,gaming,gaming,
wsp,wsp,networking,other,
wtfast,wtfast,gaming,gaming,
wufoo,wufoo,productivity,productivity,
wunderground,wunderground,news,news,
wunderlist,wunderlist,productivity,productivity,
wwe,wwe,video,entertainment,
wyze,wyze,device,other,
wyze_cam,wyze_cam,device,other,
x11,x11,networking,other,
x25,x25,networking,other,
xbox_live,xbox_live,gaming,gaming,
xdmcp,xdmcp,remoting,vpn,
xero,xero,business,productivity,
xfinity_ads,xfinity_ads,advertising,other,
xfinity_stream,xfinity_stream,video,entertainment,
x_flow,x_flow,gaming,gaming,
xiami_music,xiami_music,audio,entertainment,
xiaohongshu,xiaohongshu,social,social_networking,
xiaomi,xiaomi,shopping,entertainment,
xiaomingvpn,xiaomingvpn,remoting,vpn,
xigua_video,xigua_video,video,entertainment,
ximalaya,ximalaya,audio,entertainment,
xirsys,xirsys,video,entertainment,
xmpp,xmpp,messaging,messaging,
xsellco,xsellco,advertising,other,
xtramath,xtramath,education,education,
xvpn,xvpn,remoting,vpn,
xyq,xyq,gaming,gaming,
yahoo,yahoo,news,news,
yahoo_ads,yahoo_ads,advertising,other,
yahoo_mail,yahoo_mail,messaging,messaging,
yahoo_messenger,yahoo_messenger,messaging,messaging,
yandex,yandex,other,other,
yandex_disk,yandex_disk,file_transfer,productivity,
yandex_mail,yandex_mail,messaging,messaging,
yeahmobi,yeahmobi,advertising,other,
yeecall,yeecall,messaging,messaging,
yeecall_call,yeecall_call,messaging,messaging,yeecall
yellow,yellow,social,social_networking,
yelp,yelp,shopping,entertainment,
yesware,yesware,productivity,productivity,
yhgame,yhgame,gaming,gaming,
yidio,yidio,video,entertainment,
yik_yak,yik_yak,messaging,messaging,
yoga_vpn,yoga_vpn,remoting,vpn,
yoics,yoics,remoting,vpn,
yolo,yolo,social,social_networking,
yoobic,yoobic,business,productivity,
yotagames,yotagames,gaming,gaming,
you_jie_le,you_jie_le,gaming,gaming,
youku,youku,video,entertainment,
younow,younow,social,social_networking,
your_freedom,your_freedom,remoting,vpn,
youtube,youtube,video,entertainment,
ytv,ytv,video,entertainment,
yy,yy,social,social_networking,
zabbix,zabbix,networking,other,
zalo,zalo,messaging,messaging,
zangi,zangi,messaging,messaging,
zearn,zearn,education,education,
zedge,zedge,other,other,
zello,zello,messaging,messaging,
zemanta,zemanta,advertising,other,
zendesk,zendesk,business,productivity,
zenmate_vpn,zenmate_vpn,remoting,vpn,
zergnet,zergnet,news,news,
zeromq,zeromq,database,other,
zeronet,zeronet,file_transfer,productivity,
zero_protocol,zero_protocol,networking,other,
zero_vpn,zero_vpn,remoting,vpn,
zhihu,zhihu,social,social_networking,
zigbee,zigbee,networking,other,
zig_zag,zig_zag,gaming,gaming,
zillow,zillow,other,other,
zipshare,zipshare,file_transfer,productivity,
zoho,zoho,business,productivity,
zoho_mail,zoho_mail,messaging,messaging,
zomji,zomji,social,social_networking,
zoom,zoom,messaging,messaging,
zoosk,zoosk,social,social_networking,
zopim,zopim,business,productivity,
zpn_vpn,zpn_vpn,remoting,vpn,
zscaler,zscaler,security,other,
ztgame,ztgame,gaming,gaming,
zupportdesk,zupportdesk,business,productivity,
zynga,zynga,gaming,gaming,
